Image File Name,Test Label
0.png,deer
1.png,deer
2.png,deer
3.png,deer
4.png,deer
5.png,deer
6.png,deer
7.png,deer
8.png,deer
9.png,deer
10.png,deer
11.png,deer
12.png,deer
13.png,deer
14.png,deer
15.png,deer
16.png,deer
17.png,deer
18.png,deer
19.png,deer
20.png,deer
21.png,deer
22.png,deer
23.png,deer
24.png,deer
25.png,deer
26.png,deer
27.png,deer
28.png,deer
29.png,deer
30.png,deer
31.png,deer
32.png,deer
33.png,deer
34.png,deer
35.png,deer
36.png,deer
37.png,deer
38.png,deer
39.png,deer
40.png,deer
41.png,deer
42.png,deer
43.png,deer
44.png,deer
45.png,deer
46.png,deer
47.png,deer
48.png,deer
49.png,deer
50.png,deer
51.png,deer
52.png,deer
53.png,deer
54.png,deer
55.png,deer
56.png,deer
57.png,deer
58.png,deer
59.png,deer
60.png,deer
61.png,deer
62.png,deer
63.png,deer
64.png,deer
65.png,deer
66.png,deer
67.png,deer
68.png,deer
69.png,deer
70.png,deer
71.png,deer
72.png,deer
73.png,deer
74.png,deer
75.png,deer
76.png,deer
77.png,deer
78.png,deer
79.png,deer
80.png,deer
81.png,deer
82.png,deer
83.png,deer
84.png,deer
85.png,deer
86.png,deer
87.png,deer
88.png,deer
89.png,deer
90.png,deer
91.png,deer
92.png,deer
93.png,deer
94.png,deer
95.png,deer
96.png,deer
97.png,deer
98.png,deer
99.png,deer
100.png,deer
101.png,deer
102.png,deer
103.png,deer
104.png,deer
105.png,deer
106.png,deer
107.png,deer
108.png,deer
109.png,deer
110.png,deer
111.png,deer
112.png,deer
113.png,deer
114.png,deer
115.png,deer
116.png,deer
117.png,deer
118.png,deer
119.png,deer
120.png,deer
121.png,deer
122.png,deer
123.png,deer
124.png,deer
125.png,deer
126.png,deer
127.png,deer
128.png,deer
129.png,deer
130.png,deer
131.png,deer
132.png,deer
133.png,deer
134.png,deer
135.png,deer
136.png,deer
137.png,deer
138.png,deer
139.png,deer
140.png,deer
141.png,deer
142.png,deer
143.png,deer
144.png,deer
145.png,deer
146.png,deer
147.png,deer
148.png,deer
149.png,deer
150.png,deer
151.png,deer
152.png,deer
153.png,deer
154.png,deer
155.png,deer
156.png,deer
157.png,deer
158.png,deer
159.png,deer
160.png,deer
161.png,deer
162.png,deer
163.png,deer
164.png,deer
165.png,deer
166.png,deer
167.png,deer
168.png,deer
169.png,deer
170.png,deer
171.png,deer
172.png,deer
173.png,deer
174.png,deer
175.png,deer
176.png,deer
177.png,deer
178.png,deer
179.png,deer
180.png,deer
181.png,deer
182.png,deer
183.png,deer
184.png,deer
185.png,deer
186.png,deer
187.png,deer
188.png,deer
189.png,deer
190.png,deer
191.png,deer
192.png,deer
193.png,deer
194.png,deer
195.png,deer
196.png,deer
197.png,deer
198.png,deer
199.png,deer
200.png,deer
201.png,deer
202.png,deer
203.png,deer
204.png,deer
205.png,deer
206.png,deer
207.png,deer
208.png,deer
209.png,deer
210.png,deer
211.png,deer
212.png,deer
213.png,deer
214.png,deer
215.png,deer
216.png,deer
217.png,deer
218.png,deer
219.png,deer
220.png,deer
221.png,deer
222.png,deer
223.png,deer
224.png,deer
225.png,deer
226.png,deer
227.png,deer
228.png,deer
229.png,deer
230.png,deer
231.png,deer
232.png,deer
233.png,deer
234.png,deer
235.png,deer
236.png,deer
237.png,deer
238.png,deer
239.png,deer
240.png,deer
241.png,deer
242.png,deer
243.png,deer
244.png,deer
245.png,deer
246.png,deer
247.png,deer
248.png,deer
249.png,deer
250.png,deer
251.png,deer
252.png,deer
253.png,deer
254.png,deer
255.png,deer
256.png,deer
257.png,deer
258.png,deer
259.png,deer
260.png,deer
261.png,deer
262.png,deer
263.png,deer
264.png,deer
265.png,deer
266.png,deer
267.png,deer
268.png,deer
269.png,deer
270.png,deer
271.png,deer
272.png,deer
273.png,deer
274.png,deer
275.png,deer
276.png,deer
277.png,deer
278.png,deer
279.png,deer
280.png,deer
281.png,deer
282.png,deer
283.png,deer
284.png,deer
285.png,deer
286.png,deer
287.png,deer
288.png,deer
289.png,deer
290.png,deer
291.png,deer
292.png,deer
293.png,deer
294.png,deer
295.png,deer
296.png,deer
297.png,deer
298.png,deer
299.png,deer
300.png,deer
301.png,deer
302.png,deer
303.png,deer
304.png,deer
305.png,deer
306.png,deer
307.png,deer
308.png,deer
309.png,deer
310.png,deer
311.png,deer
312.png,deer
313.png,deer
314.png,deer
315.png,deer
316.png,deer
317.png,deer
318.png,deer
319.png,deer
320.png,deer
321.png,deer
322.png,deer
323.png,deer
324.png,deer
325.png,deer
326.png,deer
327.png,deer
328.png,deer
329.png,deer
330.png,deer
331.png,deer
332.png,deer
333.png,deer
334.png,deer
335.png,deer
336.png,deer
337.png,deer
338.png,deer
339.png,deer
340.png,deer
341.png,deer
342.png,deer
343.png,deer
344.png,deer
345.png,deer
346.png,deer
347.png,deer
348.png,deer
349.png,deer
350.png,deer
351.png,deer
352.png,deer
353.png,deer
354.png,deer
355.png,deer
356.png,deer
357.png,deer
358.png,deer
359.png,deer
360.png,deer
361.png,deer
362.png,deer
363.png,deer
364.png,deer
365.png,deer
366.png,deer
367.png,deer
368.png,deer
369.png,deer
370.png,deer
371.png,deer
372.png,deer
373.png,deer
374.png,deer
375.png,deer
376.png,deer
377.png,deer
378.png,deer
379.png,deer
380.png,deer
381.png,deer
382.png,deer
383.png,deer
384.png,deer
385.png,deer
386.png,deer
387.png,deer
388.png,deer
389.png,deer
390.png,deer
391.png,deer
392.png,deer
393.png,deer
394.png,deer
395.png,deer
396.png,deer
397.png,deer
398.png,deer
399.png,deer
400.png,deer
401.png,deer
402.png,deer
403.png,deer
404.png,deer
405.png,deer
406.png,deer
407.png,deer
408.png,deer
409.png,deer
410.png,deer
411.png,deer
412.png,deer
413.png,deer
414.png,deer
415.png,deer
416.png,deer
417.png,deer
418.png,deer
419.png,deer
420.png,deer
421.png,deer
422.png,deer
423.png,deer
424.png,deer
425.png,deer
426.png,deer
427.png,deer
428.png,deer
429.png,deer
430.png,deer
431.png,deer
432.png,deer
433.png,deer
434.png,deer
435.png,deer
436.png,deer
437.png,deer
438.png,deer
439.png,deer
440.png,deer
441.png,deer
442.png,deer
443.png,deer
444.png,deer
445.png,deer
446.png,deer
447.png,deer
448.png,deer
449.png,deer
450.png,deer
451.png,deer
452.png,deer
453.png,deer
454.png,deer
455.png,deer
456.png,deer
457.png,deer
458.png,deer
459.png,deer
460.png,deer
461.png,deer
462.png,deer
463.png,deer
464.png,deer
465.png,deer
466.png,deer
467.png,deer
468.png,deer
469.png,deer
470.png,deer
471.png,deer
472.png,deer
473.png,deer
474.png,deer
475.png,deer
476.png,deer
477.png,deer
478.png,deer
479.png,deer
480.png,deer
481.png,deer
482.png,deer
483.png,deer
484.png,deer
485.png,deer
486.png,deer
487.png,deer
488.png,deer
489.png,deer
490.png,deer
491.png,deer
492.png,deer
493.png,deer
494.png,deer
495.png,deer
496.png,deer
497.png,deer
498.png,deer
499.png,deer
500.png,deer
501.png,deer
502.png,deer
503.png,deer
504.png,deer
505.png,deer
506.png,deer
507.png,deer
508.png,deer
509.png,deer
510.png,deer
511.png,deer
512.png,deer
513.png,deer
514.png,deer
515.png,deer
516.png,deer
517.png,deer
518.png,deer
519.png,deer
520.png,deer
521.png,deer
522.png,deer
523.png,deer
524.png,deer
525.png,deer
526.png,deer
527.png,deer
528.png,deer
529.png,deer
530.png,deer
531.png,deer
532.png,deer
533.png,deer
534.png,deer
535.png,deer
536.png,deer
537.png,deer
538.png,deer
539.png,deer
540.png,deer
541.png,deer
542.png,deer
543.png,deer
544.png,deer
545.png,deer
546.png,deer
547.png,deer
548.png,deer
549.png,deer
550.png,deer
551.png,deer
552.png,deer
553.png,deer
554.png,deer
555.png,deer
556.png,deer
557.png,deer
558.png,deer
559.png,deer
560.png,deer
561.png,deer
562.png,deer
563.png,deer
564.png,deer
565.png,deer
566.png,deer
567.png,deer
568.png,deer
569.png,deer
570.png,deer
571.png,deer
572.png,deer
573.png,deer
574.png,deer
575.png,deer
576.png,deer
577.png,deer
578.png,deer
579.png,deer
580.png,deer
581.png,deer
582.png,deer
583.png,deer
584.png,deer
585.png,deer
586.png,deer
587.png,deer
588.png,deer
589.png,deer
590.png,deer
591.png,deer
592.png,deer
593.png,deer
594.png,deer
595.png,deer
596.png,deer
597.png,deer
598.png,deer
599.png,deer
600.png,deer
601.png,deer
602.png,deer
603.png,deer
604.png,deer
605.png,deer
606.png,deer
607.png,deer
608.png,deer
609.png,deer
610.png,deer
611.png,deer
612.png,deer
613.png,deer
614.png,deer
615.png,deer
616.png,deer
617.png,deer
618.png,deer
619.png,deer
620.png,deer
621.png,deer
622.png,deer
623.png,deer
624.png,deer
625.png,deer
626.png,deer
627.png,deer
628.png,deer
629.png,deer
630.png,deer
631.png,deer
632.png,deer
633.png,deer
634.png,deer
635.png,deer
636.png,deer
637.png,deer
638.png,deer
639.png,deer
640.png,deer
641.png,deer
642.png,deer
643.png,deer
644.png,deer
645.png,deer
646.png,deer
647.png,deer
648.png,deer
649.png,deer
650.png,deer
651.png,deer
652.png,deer
653.png,deer
654.png,deer
655.png,deer
656.png,deer
657.png,deer
658.png,deer
659.png,deer
660.png,deer
661.png,deer
662.png,deer
663.png,deer
664.png,deer
665.png,deer
666.png,deer
667.png,deer
668.png,deer
669.png,deer
670.png,deer
671.png,deer
672.png,deer
673.png,deer
674.png,deer
675.png,deer
676.png,deer
677.png,deer
678.png,deer
679.png,deer
680.png,deer
681.png,deer
682.png,deer
683.png,deer
684.png,deer
685.png,deer
686.png,deer
687.png,deer
688.png,deer
689.png,deer
690.png,deer
691.png,deer
692.png,deer
693.png,deer
694.png,deer
695.png,deer
696.png,deer
697.png,deer
698.png,deer
699.png,deer
700.png,deer
701.png,deer
702.png,deer
703.png,deer
704.png,deer
705.png,deer
706.png,deer
707.png,deer
708.png,deer
709.png,deer
710.png,deer
711.png,deer
712.png,deer
713.png,deer
714.png,deer
715.png,deer
716.png,deer
717.png,deer
718.png,deer
719.png,deer
720.png,deer
721.png,deer
722.png,deer
723.png,deer
724.png,deer
725.png,deer
726.png,deer
727.png,deer
728.png,deer
729.png,deer
730.png,deer
731.png,deer
732.png,deer
733.png,deer
734.png,deer
735.png,deer
736.png,deer
737.png,deer
738.png,deer
739.png,deer
740.png,deer
741.png,deer
742.png,deer
743.png,deer
744.png,deer
745.png,deer
746.png,deer
747.png,deer
748.png,deer
749.png,deer
750.png,deer
751.png,deer
752.png,deer
753.png,deer
754.png,deer
755.png,deer
756.png,deer
757.png,deer
758.png,deer
759.png,deer
760.png,deer
761.png,deer
762.png,deer
763.png,deer
764.png,deer
765.png,deer
766.png,deer
767.png,deer
768.png,deer
769.png,deer
770.png,deer
771.png,deer
772.png,deer
773.png,deer
774.png,deer
775.png,deer
776.png,deer
777.png,deer
778.png,deer
779.png,deer
780.png,deer
781.png,deer
782.png,deer
783.png,deer
784.png,deer
785.png,deer
786.png,deer
787.png,deer
788.png,deer
789.png,deer
790.png,deer
791.png,deer
792.png,deer
793.png,deer
794.png,deer
795.png,deer
796.png,deer
797.png,deer
798.png,deer
799.png,deer
800.png,deer
801.png,deer
802.png,deer
803.png,deer
804.png,deer
805.png,deer
806.png,deer
807.png,deer
808.png,deer
809.png,deer
810.png,deer
811.png,deer
812.png,deer
813.png,deer
814.png,deer
815.png,deer
816.png,deer
817.png,deer
818.png,deer
819.png,deer
820.png,deer
821.png,deer
822.png,deer
823.png,deer
824.png,deer
825.png,deer
826.png,deer
827.png,deer
828.png,deer
829.png,deer
830.png,deer
831.png,deer
832.png,deer
833.png,deer
834.png,deer
835.png,deer
836.png,deer
837.png,deer
838.png,deer
839.png,deer
840.png,deer
841.png,deer
842.png,deer
843.png,deer
844.png,deer
845.png,deer
846.png,deer
847.png,deer
848.png,deer
849.png,deer
850.png,deer
851.png,deer
852.png,deer
853.png,deer
854.png,deer
855.png,deer
856.png,deer
857.png,deer
858.png,deer
859.png,deer
860.png,deer
861.png,deer
862.png,deer
863.png,deer
864.png,deer
865.png,deer
866.png,deer
867.png,deer
868.png,deer
869.png,deer
870.png,deer
871.png,deer
872.png,deer
873.png,deer
874.png,deer
875.png,deer
876.png,deer
877.png,deer
878.png,deer
879.png,deer
880.png,deer
881.png,deer
882.png,deer
883.png,deer
884.png,deer
885.png,deer
886.png,deer
887.png,deer
888.png,deer
889.png,deer
890.png,deer
891.png,deer
892.png,deer
893.png,deer
894.png,deer
895.png,deer
896.png,deer
897.png,deer
898.png,deer
899.png,deer
900.png,deer
901.png,deer
902.png,deer
903.png,deer
904.png,deer
905.png,deer
906.png,deer
907.png,deer
908.png,deer
909.png,deer
910.png,deer
911.png,deer
912.png,deer
913.png,deer
914.png,deer
915.png,deer
916.png,deer
917.png,deer
918.png,deer
919.png,deer
920.png,deer
921.png,deer
922.png,deer
923.png,deer
924.png,deer
925.png,deer
926.png,deer
927.png,deer
928.png,deer
929.png,deer
930.png,deer
931.png,deer
932.png,deer
933.png,deer
934.png,deer
935.png,deer
936.png,deer
937.png,deer
938.png,deer
939.png,deer
940.png,deer
941.png,deer
942.png,deer
943.png,deer
944.png,deer
945.png,deer
946.png,deer
947.png,deer
948.png,deer
949.png,deer
950.png,deer
951.png,deer
952.png,deer
953.png,deer
954.png,deer
955.png,deer
956.png,deer
957.png,deer
958.png,deer
959.png,deer
960.png,deer
961.png,deer
962.png,deer
963.png,deer
964.png,deer
965.png,deer
966.png,deer
967.png,deer
968.png,deer
969.png,deer
970.png,deer
971.png,deer
972.png,deer
973.png,deer
974.png,deer
975.png,deer
976.png,deer
977.png,deer
978.png,deer
979.png,deer
980.png,deer
981.png,deer
982.png,deer
983.png,deer
984.png,deer
985.png,deer
986.png,deer
987.png,deer
988.png,deer
989.png,deer
990.png,deer
991.png,deer
992.png,deer
993.png,deer
994.png,deer
995.png,deer
996.png,deer
997.png,deer
998.png,deer
999.png,deer